Address;depart
Chemin Millet 97432 Saint-Pierre;974
Rue Dumas 30000 Nîmes;30
Rue Capucine 97224 Ducos;972
Rue de Maréchal Joffre 14530 Luc-sur-Mer;14
Chemin de Chauvin 05700 Serres;05
Avenue Lenoir Sarraire 83000 Toulon;83
2 rue CETAM, Dzaoudzi-Labattoir 97610, Mayotte;976
1763 Rte de Baduel, Cayenne 97300, Guyane française;973
Port De Plaisance De L'Etang Zabricot, 97200, Martinique;972
53 Chemin des Petites Abymes, Pointe-à-Pitre 97110, Guadeloupe;971
Rue de la Place 80270 Laleu;80
Boulevard de la colline 13011 Marseille;13
Avenue Lebrun 92160 Antony;92
Rue Gilbert Gauthier 80230 Saint-Valery-sur-Somme;80
Rue de Colas 33210 Pujols-sur-Ciron;33
Rue de Maréchal Joffre 14530 Luc-sur-Mer;14
Place Jules Guillet 17810 Saint-Georges-des-Coteau...;17
Impasse Petit 59100 Roubaix;59
Avenue Dorothée 62520 Le Touquet-Paris-Plage;62
Ruelle Gregoire 62160 Aix-Noulette;62
Boulevard Lefebvre 75015 Paris;75
Impasse du Sauvage 49100 Angers;49
Avenue Giraud 83270 Saint-Cyr-sur-Mer;83
Rue Tristan Tzara 76290 Montivilliers;76
53 Rue de Pineau 49300 Cholet;49
29 Rue Margaux 33000 Bordeaux;33
16 Rue Perrière, 74000 Annecy;74
232 Rue du Parc des Sports, 73150 Val-d'Isère;73
75 Av. de l'Aiguille du Midi, 74400 Chamonix-Mont-Blanc;74